{"cameraMode":{"drawMode":0,"name":"Shaded","section":"Shading Mode"},"sceneLighting":true,"audioPlay":false,"sceneViewState":{"m_AlwaysRefresh":false,"showFog":true,"showSkybox":true,"showFlares":true,"showImageEffects":true,"showParticleSystems":true,"showVisualEffectGraphs":true,"m_FxEnabled":true},"in2DMode":false,"pivot":{"x":7.292145729064941,"y":-26.613374710083009,"z":-295.23724365234377},"rotation":{"x":-0.33142364025115969,"y":-0.0008525082957930863,"z":0.0002984218008350581,"w":-0.9434893131256104},"size":191.39920043945313,"orthographic":false}